B,trial,sequence,prompt_index,generated_tokens,wall_time_s
1,1,0,0,87,3.779447424999944
1,2,0,1,96,4.0771631800000705
1,3,0,2,96,4.158263739000176
1,4,0,3,96,4.051471131999961
1,5,0,4,96,4.035715486999834
1,6,0,5,96,4.108572441999968
1,7,0,6,96,4.084768681000014
1,8,0,7,96,4.212658238000131
1,9,0,8,96,4.110128014000111
1,10,0,9,96,4.069979431999855
2,1,0,0,87,3.738550800000212
2,1,1,1,96,3.738550800000212
2,2,0,2,96,3.8549758189999466
2,2,1,3,96,3.8549758189999466
2,3,0,4,96,3.969386758000155
2,3,1,5,96,3.969386758000155
2,4,0,6,96,3.7720166869999048
2,4,1,7,96,3.7720166869999048
2,5,0,8,96,3.948532118000003
2,5,1,9,96,3.948532118000003
2,6,0,10,96,3.7257394690000183
2,6,1,11,96,3.7257394690000183
2,7,0,12,96,3.7716969880000306
2,7,1,13,96,3.7716969880000306
2,8,0,14,96,4.0909905129999515
2,8,1,15,96,4.0909905129999515
2,9,0,16,96,3.7524118960000123
2,9,1,17,96,3.7524118960000123
2,10,0,18,96,4.06674747299985
2,10,1,19,96,4.06674747299985
4,1,0,0,87,3.8398489639998843
4,1,1,1,96,3.8398489639998843
4,1,2,2,96,3.8398489639998843
4,1,3,3,96,3.8398489639998843
4,2,0,4,96,3.786340735000067
4,2,1,5,96,3.786340735000067
4,2,2,6,96,3.786340735000067
4,2,3,7,96,3.786340735000067
4,3,0,8,96,3.849691903000121
4,3,1,9,96,3.849691903000121
4,3,2,10,96,3.849691903000121
4,3,3,11,96,3.849691903000121
4,4,0,12,96,3.7971927290000167
4,4,1,13,96,3.7971927290000167
4,4,2,14,96,3.7971927290000167
4,4,3,15,96,3.7971927290000167
4,5,0,16,96,3.8403743530000156
4,5,1,17,96,3.8403743530000156
4,5,2,18,96,3.8403743530000156
4,5,3,19,96,3.8403743530000156
4,6,0,20,96,4.103935046999823
4,6,1,21,96,4.103935046999823
4,6,2,22,96,4.103935046999823
4,6,3,23,96,4.103935046999823
4,7,0,24,96,3.7413522449999164
4,7,1,25,96,3.7413522449999164
4,7,2,26,96,3.7413522449999164
4,7,3,27,96,3.7413522449999164
4,8,0,28,96,3.7376885359999505
4,8,1,29,96,3.7376885359999505
4,8,2,30,96,3.7376885359999505
4,8,3,31,96,3.7376885359999505
4,9,0,32,96,3.8421859170000516
4,9,1,33,96,3.8421859170000516
4,9,2,34,96,3.8421859170000516
4,9,3,35,96,3.8421859170000516
4,10,0,36,96,3.718515168000067
4,10,1,37,96,3.718515168000067
4,10,2,38,96,3.718515168000067
4,10,3,39,96,3.718515168000067
8,1,0,0,87,4.1225837189999766
8,1,1,1,96,4.1225837189999766
8,1,2,2,96,4.1225837189999766
8,1,3,3,96,4.1225837189999766
8,1,4,4,96,4.1225837189999766
8,1,5,5,96,4.1225837189999766
8,1,6,6,96,4.1225837189999766
8,1,7,7,96,4.1225837189999766
8,2,0,8,96,3.8108536779998303
8,2,1,9,96,3.8108536779998303
8,2,2,10,96,3.8108536779998303
8,2,3,11,96,3.8108536779998303
8,2,4,12,96,3.8108536779998303
8,2,5,13,96,3.8108536779998303
8,2,6,14,96,3.8108536779998303
8,2,7,15,96,3.8108536779998303
8,3,0,16,96,3.8938652080000793
8,3,1,17,96,3.8938652080000793
8,3,2,18,96,3.8938652080000793
8,3,3,19,96,3.8938652080000793
8,3,4,20,96,3.8938652080000793
8,3,5,21,96,3.8938652080000793
8,3,6,22,96,3.8938652080000793
8,3,7,23,96,3.8938652080000793
8,4,0,24,96,3.941889442000047
8,4,1,25,96,3.941889442000047
8,4,2,26,96,3.941889442000047
8,4,3,27,96,3.941889442000047
8,4,4,28,96,3.941889442000047
8,4,5,29,96,3.941889442000047
8,4,6,30,96,3.941889442000047
8,4,7,31,96,3.941889442000047
8,5,0,32,96,3.808408886000052
8,5,1,33,96,3.808408886000052
8,5,2,34,96,3.808408886000052
8,5,3,35,96,3.808408886000052
8,5,4,36,96,3.808408886000052
8,5,5,37,96,3.808408886000052
8,5,6,38,96,3.808408886000052
8,5,7,39,96,3.808408886000052
8,6,0,40,96,3.8320248429999992
8,6,1,41,96,3.8320248429999992
8,6,2,42,96,3.8320248429999992
8,6,3,43,96,3.8320248429999992
8,6,4,44,96,3.8320248429999992
8,6,5,45,96,3.8320248429999992
8,6,6,46,96,3.8320248429999992
8,6,7,47,96,3.8320248429999992
8,7,0,48,96,3.766724752000073
8,7,1,49,96,3.766724752000073
8,7,2,50,96,3.766724752000073
8,7,3,51,96,3.766724752000073
8,7,4,52,96,3.766724752000073
8,7,5,53,96,3.766724752000073
8,7,6,54,96,3.766724752000073
8,7,7,55,96,3.766724752000073
8,8,0,56,96,3.7719492430001083
8,8,1,57,96,3.7719492430001083
8,8,2,58,96,3.7719492430001083
8,8,3,59,96,3.7719492430001083
8,8,4,60,96,3.7719492430001083
8,8,5,61,96,3.7719492430001083
8,8,6,62,83,3.7719492430001083
8,8,7,63,96,3.7719492430001083
8,9,0,64,96,3.8784863490000134
8,9,1,65,96,3.8784863490000134
8,9,2,66,96,3.8784863490000134
8,9,3,67,96,3.8784863490000134
8,9,4,68,96,3.8784863490000134
8,9,5,69,96,3.8784863490000134
8,9,6,70,96,3.8784863490000134
8,9,7,71,96,3.8784863490000134
8,10,0,72,96,3.8262920780000513
8,10,1,73,96,3.8262920780000513
8,10,2,74,96,3.8262920780000513
8,10,3,75,96,3.8262920780000513
8,10,4,76,96,3.8262920780000513
8,10,5,77,96,3.8262920780000513
8,10,6,78,96,3.8262920780000513
8,10,7,79,96,3.8262920780000513
16,1,0,0,87,4.012569760000133
16,1,1,1,96,4.012569760000133
16,1,2,2,96,4.012569760000133
16,1,3,3,96,4.012569760000133
16,1,4,4,96,4.012569760000133
16,1,5,5,96,4.012569760000133
16,1,6,6,96,4.012569760000133
16,1,7,7,96,4.012569760000133
16,1,8,8,96,4.012569760000133
16,1,9,9,96,4.012569760000133
16,1,10,10,96,4.012569760000133
16,1,11,11,96,4.012569760000133
16,1,12,12,96,4.012569760000133
16,1,13,13,96,4.012569760000133
16,1,14,14,96,4.012569760000133
16,1,15,15,96,4.012569760000133
16,2,0,16,96,4.119060621000017
16,2,1,17,96,4.119060621000017
16,2,2,18,96,4.119060621000017
16,2,3,19,96,4.119060621000017
16,2,4,20,96,4.119060621000017
16,2,5,21,96,4.119060621000017
16,2,6,22,96,4.119060621000017
16,2,7,23,96,4.119060621000017
16,2,8,24,96,4.119060621000017
16,2,9,25,96,4.119060621000017
16,2,10,26,96,4.119060621000017
16,2,11,27,96,4.119060621000017
16,2,12,28,96,4.119060621000017
16,2,13,29,96,4.119060621000017
16,2,14,30,96,4.119060621000017
16,2,15,31,96,4.119060621000017
16,3,0,32,96,4.032267332999936
16,3,1,33,96,4.032267332999936
16,3,2,34,96,4.032267332999936
16,3,3,35,96,4.032267332999936
16,3,4,36,96,4.032267332999936
16,3,5,37,96,4.032267332999936
16,3,6,38,96,4.032267332999936
16,3,7,39,96,4.032267332999936
16,3,8,40,96,4.032267332999936
16,3,9,41,96,4.032267332999936
16,3,10,42,96,4.032267332999936
16,3,11,43,96,4.032267332999936
16,3,12,44,96,4.032267332999936
16,3,13,45,96,4.032267332999936
16,3,14,46,96,4.032267332999936
16,3,15,47,96,4.032267332999936
16,4,0,48,96,4.050426323000011
16,4,1,49,96,4.050426323000011
16,4,2,50,96,4.050426323000011
16,4,3,51,96,4.050426323000011
16,4,4,52,96,4.050426323000011
16,4,5,53,96,4.050426323000011
16,4,6,54,96,4.050426323000011
16,4,7,55,96,4.050426323000011
16,4,8,56,96,4.050426323000011
16,4,9,57,96,4.050426323000011
16,4,10,58,96,4.050426323000011
16,4,11,59,96,4.050426323000011
16,4,12,60,96,4.050426323000011
16,4,13,61,96,4.050426323000011
16,4,14,62,83,4.050426323000011
16,4,15,63,96,4.050426323000011
16,5,0,64,96,3.9358426119999876
16,5,1,65,96,3.9358426119999876
16,5,2,66,96,3.9358426119999876
16,5,3,67,96,3.9358426119999876
16,5,4,68,96,3.9358426119999876
16,5,5,69,96,3.9358426119999876
16,5,6,70,96,3.9358426119999876
16,5,7,71,96,3.9358426119999876
16,5,8,72,96,3.9358426119999876
16,5,9,73,96,3.9358426119999876
16,5,10,74,96,3.9358426119999876
16,5,11,75,96,3.9358426119999876
16,5,12,76,96,3.9358426119999876
16,5,13,77,96,3.9358426119999876
16,5,14,78,96,3.9358426119999876
16,5,15,79,96,3.9358426119999876
16,6,0,80,96,3.96945510799992
16,6,1,81,96,3.96945510799992
16,6,2,82,96,3.96945510799992
16,6,3,83,96,3.96945510799992
16,6,4,84,96,3.96945510799992
16,6,5,85,96,3.96945510799992
16,6,6,86,96,3.96945510799992
16,6,7,87,96,3.96945510799992
16,6,8,88,96,3.96945510799992
16,6,9,89,96,3.96945510799992
16,6,10,90,96,3.96945510799992
16,6,11,91,96,3.96945510799992
16,6,12,92,96,3.96945510799992
16,6,13,93,96,3.96945510799992
16,6,14,94,96,3.96945510799992
16,6,15,95,96,3.96945510799992
16,7,0,96,96,3.8906042349999552
16,7,1,97,96,3.8906042349999552
16,7,2,98,96,3.8906042349999552
16,7,3,99,96,3.8906042349999552
16,7,4,0,87,3.8906042349999552
16,7,5,1,96,3.8906042349999552
16,7,6,2,96,3.8906042349999552
16,7,7,3,96,3.8906042349999552
16,7,8,4,96,3.8906042349999552
16,7,9,5,96,3.8906042349999552
16,7,10,6,96,3.8906042349999552
16,7,11,7,96,3.8906042349999552
16,7,12,8,96,3.8906042349999552
16,7,13,9,96,3.8906042349999552
16,7,14,10,96,3.8906042349999552
16,7,15,11,96,3.8906042349999552
16,8,0,12,96,3.9078582880001704
16,8,1,13,96,3.9078582880001704
16,8,2,14,96,3.9078582880001704
16,8,3,15,96,3.9078582880001704
16,8,4,16,96,3.9078582880001704
16,8,5,17,96,3.9078582880001704
16,8,6,18,96,3.9078582880001704
16,8,7,19,96,3.9078582880001704
16,8,8,20,96,3.9078582880001704
16,8,9,21,96,3.9078582880001704
16,8,10,22,96,3.9078582880001704
16,8,11,23,96,3.9078582880001704
16,8,12,24,96,3.9078582880001704
16,8,13,25,96,3.9078582880001704
16,8,14,26,96,3.9078582880001704
16,8,15,27,96,3.9078582880001704
16,9,0,28,96,3.963010590999829
16,9,1,29,96,3.963010590999829
16,9,2,30,96,3.963010590999829
16,9,3,31,96,3.963010590999829
16,9,4,32,96,3.963010590999829
16,9,5,33,96,3.963010590999829
16,9,6,34,96,3.963010590999829
16,9,7,35,96,3.963010590999829
16,9,8,36,96,3.963010590999829
16,9,9,37,96,3.963010590999829
16,9,10,38,96,3.963010590999829
16,9,11,39,96,3.963010590999829
16,9,12,40,96,3.963010590999829
16,9,13,41,96,3.963010590999829
16,9,14,42,96,3.963010590999829
16,9,15,43,96,3.963010590999829
16,10,0,44,96,3.9155471690000923
16,10,1,45,96,3.9155471690000923
16,10,2,46,96,3.9155471690000923
16,10,3,47,96,3.9155471690000923
16,10,4,48,96,3.9155471690000923
16,10,5,49,96,3.9155471690000923
16,10,6,50,96,3.9155471690000923
16,10,7,51,96,3.9155471690000923
16,10,8,52,96,3.9155471690000923
16,10,9,53,96,3.9155471690000923
16,10,10,54,96,3.9155471690000923
16,10,11,55,96,3.9155471690000923
16,10,12,56,96,3.9155471690000923
16,10,13,57,96,3.9155471690000923
16,10,14,58,96,3.9155471690000923
16,10,15,59,96,3.9155471690000923
32,1,0,0,87,4.131517561999999
32,1,1,1,96,4.131517561999999
32,1,2,2,96,4.131517561999999
32,1,3,3,96,4.131517561999999
32,1,4,4,96,4.131517561999999
32,1,5,5,96,4.131517561999999
32,1,6,6,96,4.131517561999999
32,1,7,7,96,4.131517561999999
32,1,8,8,96,4.131517561999999
32,1,9,9,96,4.131517561999999
32,1,10,10,96,4.131517561999999
32,1,11,11,96,4.131517561999999
32,1,12,12,96,4.131517561999999
32,1,13,13,96,4.131517561999999
32,1,14,14,96,4.131517561999999
32,1,15,15,96,4.131517561999999
32,1,16,16,96,4.131517561999999
32,1,17,17,96,4.131517561999999
32,1,18,18,96,4.131517561999999
32,1,19,19,96,4.131517561999999
32,1,20,20,96,4.131517561999999
32,1,21,21,96,4.131517561999999
32,1,22,22,96,4.131517561999999
32,1,23,23,96,4.131517561999999
32,1,24,24,96,4.131517561999999
32,1,25,25,96,4.131517561999999
32,1,26,26,96,4.131517561999999
32,1,27,27,96,4.131517561999999
32,1,28,28,96,4.131517561999999
32,1,29,29,96,4.131517561999999
32,1,30,30,96,4.131517561999999
32,1,31,31,96,4.131517561999999
32,2,0,32,96,4.17521684899998
32,2,1,33,96,4.17521684899998
32,2,2,34,96,4.17521684899998
32,2,3,35,96,4.17521684899998
32,2,4,36,96,4.17521684899998
32,2,5,37,96,4.17521684899998
32,2,6,38,96,4.17521684899998
32,2,7,39,96,4.17521684899998
32,2,8,40,96,4.17521684899998
32,2,9,41,96,4.17521684899998
32,2,10,42,96,4.17521684899998
32,2,11,43,96,4.17521684899998
32,2,12,44,96,4.17521684899998
32,2,13,45,96,4.17521684899998
32,2,14,46,96,4.17521684899998
32,2,15,47,96,4.17521684899998
32,2,16,48,96,4.17521684899998
32,2,17,49,96,4.17521684899998
32,2,18,50,96,4.17521684899998
32,2,19,51,96,4.17521684899998
32,2,20,52,96,4.17521684899998
32,2,21,53,96,4.17521684899998
32,2,22,54,96,4.17521684899998
32,2,23,55,96,4.17521684899998
32,2,24,56,96,4.17521684899998
32,2,25,57,96,4.17521684899998
32,2,26,58,96,4.17521684899998
32,2,27,59,96,4.17521684899998
32,2,28,60,96,4.17521684899998
32,2,29,61,96,4.17521684899998
32,2,30,62,83,4.17521684899998
32,2,31,63,96,4.17521684899998
32,3,0,64,96,4.094660347000172
32,3,1,65,96,4.094660347000172
32,3,2,66,96,4.094660347000172
32,3,3,67,96,4.094660347000172
32,3,4,68,96,4.094660347000172
32,3,5,69,96,4.094660347000172
32,3,6,70,96,4.094660347000172
32,3,7,71,96,4.094660347000172
32,3,8,72,96,4.094660347000172
32,3,9,73,96,4.094660347000172
32,3,10,74,96,4.094660347000172
32,3,11,75,96,4.094660347000172
32,3,12,76,96,4.094660347000172
32,3,13,77,96,4.094660347000172
32,3,14,78,96,4.094660347000172
32,3,15,79,96,4.094660347000172
32,3,16,80,96,4.094660347000172
32,3,17,81,96,4.094660347000172
32,3,18,82,96,4.094660347000172
32,3,19,83,96,4.094660347000172
32,3,20,84,96,4.094660347000172
32,3,21,85,96,4.094660347000172
32,3,22,86,96,4.094660347000172
32,3,23,87,96,4.094660347000172
32,3,24,88,96,4.094660347000172
32,3,25,89,96,4.094660347000172
32,3,26,90,96,4.094660347000172
32,3,27,91,96,4.094660347000172
32,3,28,92,96,4.094660347000172
32,3,29,93,96,4.094660347000172
32,3,30,94,96,4.094660347000172
32,3,31,95,96,4.094660347000172
32,4,0,96,96,4.102041357999951
32,4,1,97,96,4.102041357999951
32,4,2,98,96,4.102041357999951
32,4,3,99,96,4.102041357999951
32,4,4,0,87,4.102041357999951
32,4,5,1,96,4.102041357999951
32,4,6,2,96,4.102041357999951
32,4,7,3,96,4.102041357999951
32,4,8,4,96,4.102041357999951
32,4,9,5,96,4.102041357999951
32,4,10,6,96,4.102041357999951
32,4,11,7,96,4.102041357999951
32,4,12,8,96,4.102041357999951
32,4,13,9,96,4.102041357999951
32,4,14,10,96,4.102041357999951
32,4,15,11,96,4.102041357999951
32,4,16,12,96,4.102041357999951
32,4,17,13,96,4.102041357999951
32,4,18,14,96,4.102041357999951
32,4,19,15,96,4.102041357999951
32,4,20,16,96,4.102041357999951
32,4,21,17,96,4.102041357999951
32,4,22,18,96,4.102041357999951
32,4,23,19,96,4.102041357999951
32,4,24,20,96,4.102041357999951
32,4,25,21,96,4.102041357999951
32,4,26,22,96,4.102041357999951
32,4,27,23,96,4.102041357999951
32,4,28,24,96,4.102041357999951
32,4,29,25,96,4.102041357999951
32,4,30,26,96,4.102041357999951
32,4,31,27,96,4.102041357999951
32,5,0,28,96,4.072616665999931
32,5,1,29,96,4.072616665999931
32,5,2,30,96,4.072616665999931
32,5,3,31,96,4.072616665999931
32,5,4,32,96,4.072616665999931
32,5,5,33,96,4.072616665999931
32,5,6,34,96,4.072616665999931
32,5,7,35,96,4.072616665999931
32,5,8,36,96,4.072616665999931
32,5,9,37,96,4.072616665999931
32,5,10,38,96,4.072616665999931
32,5,11,39,96,4.072616665999931
32,5,12,40,96,4.072616665999931
32,5,13,41,96,4.072616665999931
32,5,14,42,96,4.072616665999931
32,5,15,43,96,4.072616665999931
32,5,16,44,96,4.072616665999931
32,5,17,45,96,4.072616665999931
32,5,18,46,96,4.072616665999931
32,5,19,47,96,4.072616665999931
32,5,20,48,96,4.072616665999931
32,5,21,49,96,4.072616665999931
32,5,22,50,96,4.072616665999931
32,5,23,51,96,4.072616665999931
32,5,24,52,96,4.072616665999931
32,5,25,53,96,4.072616665999931
32,5,26,54,96,4.072616665999931
32,5,27,55,96,4.072616665999931
32,5,28,56,96,4.072616665999931
32,5,29,57,96,4.072616665999931
32,5,30,58,96,4.072616665999931
32,5,31,59,96,4.072616665999931
32,6,0,60,96,4.0886442969999734
32,6,1,61,96,4.0886442969999734
32,6,2,62,83,4.0886442969999734
32,6,3,63,96,4.0886442969999734
32,6,4,64,96,4.0886442969999734
32,6,5,65,96,4.0886442969999734
32,6,6,66,96,4.0886442969999734
32,6,7,67,96,4.0886442969999734
32,6,8,68,96,4.0886442969999734
32,6,9,69,96,4.0886442969999734
32,6,10,70,96,4.0886442969999734
32,6,11,71,96,4.0886442969999734
32,6,12,72,96,4.0886442969999734
32,6,13,73,96,4.0886442969999734
32,6,14,74,96,4.0886442969999734
32,6,15,75,96,4.0886442969999734
32,6,16,76,96,4.0886442969999734
32,6,17,77,96,4.0886442969999734
32,6,18,78,96,4.0886442969999734
32,6,19,79,96,4.0886442969999734
32,6,20,80,96,4.0886442969999734
32,6,21,81,96,4.0886442969999734
32,6,22,82,96,4.0886442969999734
32,6,23,83,96,4.0886442969999734
32,6,24,84,96,4.0886442969999734
32,6,25,85,96,4.0886442969999734
32,6,26,86,96,4.0886442969999734
32,6,27,87,96,4.0886442969999734
32,6,28,88,96,4.0886442969999734
32,6,29,89,96,4.0886442969999734
32,6,30,90,96,4.0886442969999734
32,6,31,91,96,4.0886442969999734
32,7,0,92,96,4.042136739000171
32,7,1,93,96,4.042136739000171
32,7,2,94,96,4.042136739000171
32,7,3,95,96,4.042136739000171
32,7,4,96,96,4.042136739000171
32,7,5,97,96,4.042136739000171
32,7,6,98,96,4.042136739000171
32,7,7,99,96,4.042136739000171
32,7,8,0,87,4.042136739000171
32,7,9,1,96,4.042136739000171
32,7,10,2,96,4.042136739000171
32,7,11,3,96,4.042136739000171
32,7,12,4,96,4.042136739000171
32,7,13,5,96,4.042136739000171
32,7,14,6,96,4.042136739000171
32,7,15,7,96,4.042136739000171
32,7,16,8,96,4.042136739000171
32,7,17,9,96,4.042136739000171
32,7,18,10,96,4.042136739000171
32,7,19,11,96,4.042136739000171
32,7,20,12,96,4.042136739000171
32,7,21,13,96,4.042136739000171
32,7,22,14,96,4.042136739000171
32,7,23,15,96,4.042136739000171
32,7,24,16,96,4.042136739000171
32,7,25,17,96,4.042136739000171
32,7,26,18,96,4.042136739000171
32,7,27,19,96,4.042136739000171
32,7,28,20,96,4.042136739000171
32,7,29,21,96,4.042136739000171
32,7,30,22,96,4.042136739000171
32,7,31,23,96,4.042136739000171
32,8,0,24,96,4.044758582999975
32,8,1,25,96,4.044758582999975
32,8,2,26,96,4.044758582999975
32,8,3,27,96,4.044758582999975
32,8,4,28,96,4.044758582999975
32,8,5,29,96,4.044758582999975
32,8,6,30,96,4.044758582999975
32,8,7,31,96,4.044758582999975
32,8,8,32,96,4.044758582999975
32,8,9,33,96,4.044758582999975
32,8,10,34,96,4.044758582999975
32,8,11,35,96,4.044758582999975
32,8,12,36,96,4.044758582999975
32,8,13,37,96,4.044758582999975
32,8,14,38,96,4.044758582999975
32,8,15,39,96,4.044758582999975
32,8,16,40,96,4.044758582999975
32,8,17,41,96,4.044758582999975
32,8,18,42,96,4.044758582999975
32,8,19,43,96,4.044758582999975
32,8,20,44,96,4.044758582999975
32,8,21,45,96,4.044758582999975
32,8,22,46,96,4.044758582999975
32,8,23,47,96,4.044758582999975
32,8,24,48,96,4.044758582999975
32,8,25,49,96,4.044758582999975
32,8,26,50,96,4.044758582999975
32,8,27,51,96,4.044758582999975
32,8,28,52,96,4.044758582999975
32,8,29,53,96,4.044758582999975
32,8,30,54,96,4.044758582999975
32,8,31,55,96,4.044758582999975
32,9,0,56,96,4.087887280000132
32,9,1,57,96,4.087887280000132
32,9,2,58,96,4.087887280000132
32,9,3,59,96,4.087887280000132
32,9,4,60,96,4.087887280000132
32,9,5,61,96,4.087887280000132
32,9,6,62,83,4.087887280000132
32,9,7,63,96,4.087887280000132
32,9,8,64,96,4.087887280000132
32,9,9,65,96,4.087887280000132
32,9,10,66,96,4.087887280000132
32,9,11,67,96,4.087887280000132
32,9,12,68,96,4.087887280000132
32,9,13,69,96,4.087887280000132
32,9,14,70,96,4.087887280000132
32,9,15,71,96,4.087887280000132
32,9,16,72,96,4.087887280000132
32,9,17,73,96,4.087887280000132
32,9,18,74,96,4.087887280000132
32,9,19,75,96,4.087887280000132
32,9,20,76,96,4.087887280000132
32,9,21,77,96,4.087887280000132
32,9,22,78,96,4.087887280000132
32,9,23,79,96,4.087887280000132
32,9,24,80,96,4.087887280000132
32,9,25,81,96,4.087887280000132
32,9,26,82,96,4.087887280000132
32,9,27,83,96,4.087887280000132
32,9,28,84,96,4.087887280000132
32,9,29,85,96,4.087887280000132
32,9,30,86,96,4.087887280000132
32,9,31,87,96,4.087887280000132
32,10,0,88,96,4.039544909999904
32,10,1,89,96,4.039544909999904
32,10,2,90,96,4.039544909999904
32,10,3,91,96,4.039544909999904
32,10,4,92,96,4.039544909999904
32,10,5,93,96,4.039544909999904
32,10,6,94,96,4.039544909999904
32,10,7,95,96,4.039544909999904
32,10,8,96,96,4.039544909999904
32,10,9,97,96,4.039544909999904
32,10,10,98,96,4.039544909999904
32,10,11,99,96,4.039544909999904
32,10,12,0,87,4.039544909999904
32,10,13,1,96,4.039544909999904
32,10,14,2,96,4.039544909999904
32,10,15,3,96,4.039544909999904
32,10,16,4,96,4.039544909999904
32,10,17,5,96,4.039544909999904
32,10,18,6,96,4.039544909999904
32,10,19,7,96,4.039544909999904
32,10,20,8,96,4.039544909999904
32,10,21,9,96,4.039544909999904
32,10,22,10,96,4.039544909999904
32,10,23,11,96,4.039544909999904
32,10,24,12,96,4.039544909999904
32,10,25,13,96,4.039544909999904
32,10,26,14,96,4.039544909999904
32,10,27,15,96,4.039544909999904
32,10,28,16,96,4.039544909999904
32,10,29,17,96,4.039544909999904
32,10,30,18,96,4.039544909999904
32,10,31,19,96,4.039544909999904
