B,trial,wall_time_s,generated_tokens,total_generated_tokens,min_generated_tokens,max_generated_tokens,request_throughput_req_s,token_throughput_tok_s
1,1,3.327498472000002,[87],87,87,87,0.3005260583632807,26.145767077605424
1,2,3.67477650699999,[96],96,96,96,0.2721253926858205,26.124037697838766
1,3,4.357325879999962,[96],96,96,96,0.22949855657801033,22.03186143148899
1,4,3.8579925540000204,[96],96,96,96,0.2592021591548138,24.88340727886213
1,5,3.7417271809999875,[96],96,96,96,0.2672562567035545,25.656600643541232
1,6,4.120501565999973,[96],96,96,96,0.24268890181996997,23.298134574717118
1,7,3.8638519159999873,[96],96,96,96,0.2588090904465199,24.845672682865914
1,8,3.6986420729999736,[96],96,96,96,0.27036949784894937,25.95547179349914
1,9,3.901547669000024,[96],96,96,96,0.25630854338793774,24.605620165242023
1,10,4.134024479999994,[96],96,96,96,0.2418950358997394,23.221923446374984
2,1,3.5378250780000258,"[87, 96]",183,87,96,0.5653190748284885,51.72669534680671
2,2,3.501082777000022,"[96, 96]",192,96,96,0.5712518461827809,54.84017723354697
2,3,4.19808633599996,"[96, 96]",192,96,96,0.47640754380140954,45.73512420493532
2,4,3.635583523999969,"[96, 96]",192,96,96,0.5501180173133651,52.811329662083054
2,5,3.725909592999983,"[96, 96]",192,96,96,0.5367816770856386,51.53104100022131
2,6,4.129927108999993,"[96, 96]",192,96,96,0.48427004816660635,46.489924623994206
2,7,3.5233525759999793,"[96, 96]",192,96,96,0.5676411760842216,54.49355290408527
2,8,3.6662189500000295,"[96, 96]",192,96,96,0.5455211560673385,52.3700309824645
2,9,4.148878707999984,"[96, 96]",192,96,96,0.4820579584897346,46.277564015014526
2,10,3.886672457999964,"[96, 96]",192,96,96,0.5145789931136046,49.399583338906034
4,1,3.51354584500001,"[87, 96, 96, 96]",375,87,96,1.1384510623910724,106.72978709916305
4,2,3.7553658810000456,"[96, 96, 96, 96]",384,96,96,1.065142552484076,102.25368503847132
4,3,3.8894214050000073,"[96, 96, 96, 96]",384,96,96,1.0284306027775338,98.72933786664325
4,4,3.5260246240000015,"[96, 96, 96, 96]",384,96,96,1.1344220266568388,108.90451455905654
4,5,10.64572666600003,"[96, 96, 96, 96]",384,96,96,0.37573761993862453,36.07081151410796
4,6,3.779270006000047,"[96, 96, 96, 96]",384,96,96,1.0584054575750126,101.6069239272012
4,7,3.7057840040000087,"[96, 96, 96, 96]",384,96,96,1.0793937249668129,103.62179759681403
4,8,3.8791811970000367,"[96, 96, 96, 96]",384,96,96,1.0311454394276294,98.98996218505242
4,9,3.5817439659999764,"[96, 96, 96, 96]",384,96,96,1.1167744087713574,107.2103432420503
4,10,3.5410972990000005,"[96, 96, 96, 96]",384,96,96,1.1295933611114253,108.44096266669682
8,1,4.243087643000024,"[87, 96, 96, 96, 96, 96, 96, 96]",759,87,96,1.8854194570309881,178.879170985815
8,2,3.589964903000009,"[96, 96, 96, 96, 96, 96, 96, 96]",768,96,96,2.2284340421586513,213.9296680472305
8,3,3.5810418039999945,"[96, 96, 96, 96, 96, 96, 96, 96]",768,96,96,2.2339867663829183,214.46272957276017
8,4,4.1809472809999875,"[96, 96, 96, 96, 96, 96, 96, 96]",768,96,96,1.913441969564032,183.69042907814708
8,5,3.5966234580000105,"[96, 96, 96, 96, 96, 96, 96, 96]",768,96,96,2.2243084641528177,213.5336125586705
8,6,3.5600826509999592,"[96, 96, 96, 96, 96, 96, 96, 96]",768,96,96,2.247138840372976,215.72532867580574
8,7,4.055526046000011,"[96, 96, 96, 96, 96, 96, 96, 96]",768,96,96,1.9726170931365232,189.37124094110624
8,8,3.650210130000005,"[96, 96, 96, 96, 96, 96, 83, 96]",755,83,96,2.1916546486599087,206.83740746727887
8,9,3.5981180169999902,"[96, 96, 96, 96, 96, 96, 96, 96]",768,96,96,2.2233845477559337,213.44491658456963
8,10,3.9408679280000456,"[96, 96, 96, 96, 96, 96, 96, 96]",768,96,96,2.030009669484135,194.88092827047694
16,1,4.126184942999998,"[87, 96, 96, 96, 96, 96, 96, 96, 96, 96, 96, 96, 96, 96, 96, 96]",1527,87,96,3.8776739823898887,370.07551069433504
16,2,3.6994052839999654,"[96, 96, 96, 96, 96, 96, 96, 96, 96, 96, 96, 96, 96, 96, 96, 96]",1536,96,96,4.3250195022428235,415.201872215311
16,3,3.743413897000039,"[96, 96, 96, 96, 96, 96, 96, 96, 96, 96, 96, 96, 96, 96, 96, 96]",1536,96,96,4.274173372285216,410.3206437393808
16,4,4.159564542999988,"[96, 96, 96, 96, 96, 96, 96, 96, 96, 96, 96, 96, 96, 96, 83, 96]",1523,83,96,3.846556492776616,366.14409615617416
16,5,3.6040183540000044,"[96, 96, 96, 96, 96, 96, 96, 96, 96, 96, 96, 96, 96, 96, 96, 96]",1536,96,96,4.439489044844076,426.1909483050313
16,6,3.6354149000000007,"[96, 96, 96, 96, 96, 96, 96, 96, 96, 96, 96, 96, 96, 96, 96, 96]",1536,96,96,4.401148270586666,422.5102339763199
16,7,4.347740706999957,"[96, 96, 96, 96, 87, 96, 96, 96, 96, 96, 96, 96, 96, 96, 96, 96]",1527,87,96,3.680072267014372,351.2168969831841
16,8,3.6503555739999456,"[96, 96, 96, 96, 96, 96, 96, 96, 96, 96, 96, 96, 96, 96, 96, 96]",1536,96,96,4.38313464966584,420.7809263679207
16,9,3.6127181770000334,"[96, 96, 96, 96, 96, 96, 96, 96, 96, 96, 96, 96, 96, 96, 96, 96]",1536,96,96,4.428798266596662,425.1646335932795
16,10,4.211170723000009,"[96, 96, 96, 96, 96, 96, 96, 96, 96, 96, 96, 96, 96, 96, 96, 96]",1536,96,96,3.7994185114873966,364.7441771027901
32,1,3.773851019999938,"[87, 96, 96, 96, 96, 96, 96, 96, 96, 96, 96, 96, 96, 96, 96, 96, 96, 96, 96, 96, 96, 96, 96, 96, 96, 96, 96, 96, 96, 96, 96, 96]",3063,87,96,8.479402030025161,811.6377630614709
32,2,3.7617111980000573,"[96, 96, 96, 96, 96, 96, 96, 96, 96, 96, 96, 96, 96, 96, 96, 96, 96, 96, 96, 96, 96, 96, 96, 96, 96, 96, 96, 96, 96, 96, 83, 96]",3059,83,96,8.506766818519466,813.1937405578453
32,3,4.415143636000039,"[96, 96, 96, 96, 96, 96, 96, 96, 96, 96, 96, 96, 96, 96, 96, 96, 96, 96, 96, 96, 96, 96, 96, 96, 96, 96, 96, 96, 96, 96, 96, 96]",3072,96,96,7.247782323338148,695.7871030404622
32,4,3.8254962150000438,"[96, 96, 96, 96, 87, 96, 96, 96, 96, 96, 96, 96, 96, 96, 96, 96, 96, 96, 96, 96, 96, 96, 96, 96, 96, 96, 96, 96, 96, 96, 96, 96]",3063,87,96,8.364927894720093,800.6804419227389
32,5,3.8519295170000305,"[96, 96, 96, 96, 96, 96, 96, 96, 96, 96, 96, 96, 96, 96, 96, 96, 96, 96, 96, 96, 96, 96, 96, 96, 96, 96, 96, 96, 96, 96, 96, 96]",3072,96,96,8.307524802510489,797.522381041007
32,6,4.5234374299999445,"[96, 96, 83, 96, 96, 96, 96, 96, 96, 96, 96, 96, 96, 96, 96, 96, 96, 96, 96, 96, 96, 96, 96, 96, 96, 96, 96, 96, 96, 96, 96, 96]",3059,83,96,7.074266085294429,676.2556235911143
32,7,3.856001857000024,"[96, 96, 96, 96, 96, 96, 96, 96, 87, 96, 96, 96, 96, 96, 96, 96, 96, 96, 96, 96, 96, 96, 96, 96, 96, 96, 96, 96, 96, 96, 96, 96]",3063,87,96,8.298751190150115,794.3460904821812
32,8,3.839861993999989,"[96, 96, 96, 96, 96, 96, 96, 96, 96, 96, 96, 96, 96, 96, 96, 96, 96, 96, 96, 96, 96, 96, 96, 96, 96, 96, 96, 96, 96, 96, 96, 96]",3072,96,96,8.333632836284712,800.0287522833324
32,9,4.404155179999975,"[96, 96, 96, 96, 96, 96, 83, 96, 96, 96, 96, 96, 96, 96, 96, 96, 96, 96, 96, 96, 96, 96, 96, 96, 96, 96, 96, 96, 96, 96, 96, 96]",3059,83,96,7.265865686413025,694.5713479605452
32,10,3.8973105179999266,"[96, 96, 96, 96, 96, 96, 96, 96, 96, 96, 96, 96, 87, 96, 96, 96, 96, 96, 96, 96, 96, 96, 96, 96, 96, 96, 96, 96, 96, 96, 96, 96]",3063,87,96,8.210790454649784,785.926598831009
