B,trial,input_tokens,padded_input_length,peak_allocated_bytes,output_width,completed_utc
1,1,[34],34,3104156160,87,2026-09-20T13:28:18.322892+00:00
1,2,[39],39,3104845824,96,2026-09-20T13:28:22.019668+00:00
1,3,[41],41,3104944640,96,2026-09-20T13:28:26.382915+00:00
1,4,[34],34,3104600576,96,2026-09-20T13:28:30.246773+00:00
1,5,[36],36,3104698880,96,2026-09-20T13:28:33.994052+00:00
1,6,[35],35,3104649728,96,2026-09-20T13:28:38.119945+00:00
1,7,[35],35,3104649728,96,2026-09-20T13:28:41.990218+00:00
1,8,[37],37,3104748032,96,2026-09-20T13:28:45.694011+00:00
1,9,[34],34,3104600576,96,2026-09-20T13:28:49.600897+00:00
1,10,[34],34,3104600576,96,2026-09-20T13:28:53.741669+00:00
2,1,"[34, 39]",39,3108958208,96,2026-09-20T13:28:57.528453+00:00
2,2,"[41, 34]",41,3109073920,96,2026-09-20T13:29:01.035468+00:00
2,3,"[36, 35]",36,3108787200,96,2026-09-20T13:29:05.239365+00:00
2,4,"[35, 37]",37,3108844544,96,2026-09-20T13:29:08.881001+00:00
2,5,"[34, 34]",34,3112191488,96,2026-09-20T13:29:12.613044+00:00
2,6,"[36, 34]",36,3108787200,96,2026-09-20T13:29:16.749000+00:00
2,7,"[34, 36]",36,3108787200,96,2026-09-20T13:29:20.278329+00:00
2,8,"[33, 33]",33,3112091648,96,2026-09-20T13:29:23.950633+00:00
2,9,"[33, 34]",34,3108672512,96,2026-09-20T13:29:28.105753+00:00
2,10,"[35, 35]",35,3112289792,96,2026-09-20T13:29:32.000417+00:00
4,1,"[34, 39, 41, 34]",41,3121649152,96,2026-09-20T13:29:35.771336+00:00
4,2,"[36, 35, 35, 37]",37,3121143296,96,2026-09-20T13:29:39.534097+00:00
4,3,"[34, 34, 36, 34]",36,3121016320,96,2026-09-20T13:29:43.433789+00:00
4,4,"[34, 36, 33, 33]",36,3121016320,96,2026-09-20T13:29:46.966980+00:00
4,5,"[33, 34, 35, 35]",35,3120889344,96,2026-09-20T13:29:57.619709+00:00
4,6,"[34, 34, 34, 34]",34,3127503872,96,2026-09-20T13:30:01.405962+00:00
4,7,"[34, 35, 34, 34]",35,3120889344,96,2026-09-20T13:30:05.119468+00:00
4,8,"[37, 36, 33, 34]",37,3121143296,96,2026-09-20T13:30:09.007349+00:00
4,9,"[34, 34, 35, 35]",35,3120889344,96,2026-09-20T13:30:12.596059+00:00
4,10,"[38, 33, 33, 33]",38,3121270272,96,2026-09-20T13:30:16.143996+00:00
8,1,"[34, 39, 41, 34, 36, 35, 35, 37]",41,3145261056,96,2026-09-20T13:30:20.627671+00:00
8,2,"[34, 34, 36, 34, 34, 36, 33, 33]",36,3144117248,96,2026-09-20T13:30:24.225630+00:00
8,3,"[33, 34, 35, 35, 34, 34, 34, 34]",35,3143887360,96,2026-09-20T13:30:27.815702+00:00
8,4,"[34, 35, 34, 34, 37, 36, 33, 34]",37,3144346112,96,2026-09-20T13:30:32.004567+00:00
8,5,"[34, 34, 35, 35, 38, 33, 33, 33]",38,3144575488,96,2026-09-20T13:30:35.609272+00:00
8,6,"[35, 35, 34, 34, 35, 35, 34, 36]",36,3144116736,96,2026-09-20T13:30:39.177589+00:00
8,7,"[36, 36, 34, 33, 34, 34, 34, 35]",36,3144116736,96,2026-09-20T13:30:43.241379+00:00
8,8,"[34, 33, 33, 34, 34, 33, 35, 33]",35,3143887360,96,2026-09-20T13:30:46.903747+00:00
8,9,"[34, 34, 35, 34, 33, 33, 35, 34]",35,3143887360,96,2026-09-20T13:30:50.509606+00:00
8,10,"[34, 34, 35, 35, 36, 35, 35, 34]",36,3144116736,96,2026-09-20T13:30:54.459252+00:00
16,1,"[34, 39, 41, 34, 36, 35, 35, 37, 34, 34, 36, 34, 34, 36, 33, 33]",41,3211572224,96,2026-09-20T13:30:58.915020+00:00
16,2,"[33, 34, 35, 35, 34, 34, 34, 34, 34, 35, 34, 34, 37, 36, 33, 34]",37,3214998528,96,2026-09-20T13:31:02.624699+00:00
16,3,"[34, 34, 35, 35, 38, 33, 33, 33, 35, 35, 34, 34, 35, 35, 34, 36]",38,3194760704,96,2026-09-20T13:31:06.379615+00:00
16,4,"[36, 36, 34, 33, 34, 34, 34, 35, 34, 33, 33, 34, 34, 33, 35, 33]",36,3210888192,96,2026-09-20T13:31:10.552900+00:00
16,5,"[34, 34, 35, 34, 33, 33, 35, 34, 34, 34, 35, 35, 36, 35, 35, 34]",36,3210887680,96,2026-09-20T13:31:14.167730+00:00
16,6,"[33, 34, 34, 34, 33, 35, 33, 33, 35, 34, 35, 34, 34, 34, 35, 33]",35,3193754112,96,2026-09-20T13:31:17.814008+00:00
16,7,"[34, 34, 35, 35, 34, 39, 41, 34, 36, 35, 35, 37, 34, 34, 36, 34]",41,3201664000,96,2026-09-20T13:31:22.172757+00:00
16,8,"[34, 36, 33, 33, 33, 34, 35, 35, 34, 34, 34, 34, 34, 35, 34, 34]",36,3210888704,96,2026-09-20T13:31:25.834312+00:00
16,9,"[37, 36, 33, 34, 34, 34, 35, 35, 38, 33, 33, 33, 35, 35, 34, 34]",38,3194760192,96,2026-09-20T13:31:29.466473+00:00
16,10,"[35, 35, 34, 36, 36, 36, 34, 33, 34, 34, 34, 35, 34, 33, 33, 34]",36,3210888192,96,2026-09-20T13:31:33.689284+00:00
32,1,"[34, 39, 41, 34, 36, 35, 35, 37, 34, 34, 36, 34, 34, 36, 33, 33, 33, 34, 35, 35, 34, 34, 34, 34, 34, 35, 34, 34, 37, 36, 33, 34]",41,3291703296,96,2026-09-20T13:31:37.716103+00:00
32,2,"[34, 34, 35, 35, 38, 33, 33, 33, 35, 35, 34, 34, 35, 35, 34, 36, 36, 36, 34, 33, 34, 34, 34, 35, 34, 33, 33, 34, 34, 33, 35, 33]",38,3287333376,96,2026-09-20T13:31:41.492300+00:00
32,3,"[34, 34, 35, 34, 33, 33, 35, 34, 34, 34, 35, 35, 36, 35, 35, 34, 33, 34, 34, 34, 33, 35, 33, 33, 35, 34, 35, 34, 34, 34, 35, 33]",36,3286388736,96,2026-09-20T13:31:45.924840+00:00
32,4,"[34, 34, 35, 35, 34, 39, 41, 34, 36, 35, 35, 37, 34, 34, 36, 34, 34, 36, 33, 33, 33, 34, 35, 35, 34, 34, 34, 34, 34, 35, 34, 34]",41,3293719040,96,2026-09-20T13:31:49.765997+00:00
32,5,"[37, 36, 33, 34, 34, 34, 35, 35, 38, 33, 33, 33, 35, 35, 34, 34, 35, 35, 34, 36, 36, 36, 34, 33, 34, 34, 34, 35, 34, 33, 33, 34]",38,3287277568,96,2026-09-20T13:31:53.632417+00:00
32,6,"[34, 33, 35, 33, 34, 34, 35, 34, 33, 33, 35, 34, 34, 34, 35, 35, 36, 35, 35, 34, 33, 34, 34, 34, 33, 35, 33, 33, 35, 34, 35, 34]",36,3286388736,96,2026-09-20T13:31:58.171296+00:00
32,7,"[34, 34, 35, 33, 34, 34, 35, 35, 34, 39, 41, 34, 36, 35, 35, 37, 34, 34, 36, 34, 34, 36, 33, 33, 33, 34, 35, 35, 34, 34, 34, 34]",41,3293719040,96,2026-09-20T13:32:02.043559+00:00
32,8,"[34, 35, 34, 34, 37, 36, 33, 34, 34, 34, 35, 35, 38, 33, 33, 33, 35, 35, 34, 34, 35, 35, 34, 36, 36, 36, 34, 33, 34, 34, 34, 35]",38,3287277568,96,2026-09-20T13:32:05.899300+00:00
32,9,"[34, 33, 33, 34, 34, 33, 35, 33, 34, 34, 35, 34, 33, 33, 35, 34, 34, 34, 35, 35, 36, 35, 35, 34, 33, 34, 34, 34, 33, 35, 33, 33]",36,3286388736,96,2026-09-20T13:32:10.319318+00:00
32,10,"[35, 34, 35, 34, 34, 34, 35, 33, 34, 34, 35, 35, 34, 39, 41, 34, 36, 35, 35, 37, 34, 34, 36, 34, 34, 36, 33, 33, 33, 34, 35, 35]",41,3293719040,96,2026-09-20T13:32:14.232799+00:00
